group_name,file_name,nodule_name,nodule_size(pixels)
302 ts Soil,IMG_0307,IMG_0307_1,4458
302 ts Soil,IMG_0307,IMG_0307_2,110
302 ts Soil,IMG_0307,IMG_0307_3,1368
302 ts Soil,IMG_0307,IMG_0307_4,2647
302 ts Soil,IMG_0307,IMG_0307_5,1292
302 ts Soil,IMG_0307,IMG_0307_6,559
302 ts Soil,IMG_0307,IMG_0307_7,3402
302 ts Soil,IMG_0307,IMG_0307_8,1535
302 ts Soil,IMG_0307,IMG_0307_9,249
302 ts Soil,IMG_0307,IMG_0307_10,982
302 ts Soil,IMG_0307,IMG_0307_11,6115
302 ts Soil,IMG_0307,IMG_0307_12,149
302 ts Soil,IMG_0307,IMG_0307_13,1984
302 ts Soil,IMG_0307,IMG_0307_14,2354
302 ts Soil,IMG_0307,IMG_0307_15,73
302 ts Soil,IMG_0307,IMG_0307_16,248
302 ts Soil,IMG_0307,IMG_0307_17,3991
302 ts Soil,IMG_0307,IMG_0307_18,2184
302 ts Soil,IMG_0307,IMG_0307_19,599
302 ts Soil,IMG_0307,IMG_0307_20,1674
302 ts Soil,IMG_0307,IMG_0307_21,1547
302 ts Soil,IMG_0307,IMG_0307_22,803
302 ts Soil,IMG_0307,IMG_0307_23,414
302 ts Soil,IMG_0307,IMG_0307_24,6183
302 ts Soil,IMG_0307,IMG_0307_25,492
302 ts Soil,IMG_0307,IMG_0307_26,1125
302 ts Soil,IMG_0307,IMG_0307_27,2771
302 ts Soil,IMG_0307,IMG_0307_28,4481
302 ts Soil,IMG_0307,IMG_0307_29,939
302 ts Soil,IMG_0307,IMG_0307_30,3560
205 ps Water,IMG_0636,IMG_0636_1,1357
205 ps Water,IMG_0636,IMG_0636_2,3593
205 ps Water,IMG_0636,IMG_0636_3,5338
205 ps Water,IMG_0636,IMG_0636_4,4429
205 ps Water,IMG_0636,IMG_0636_5,420
205 ps Water,IMG_0636,IMG_0636_6,966
205 ps Water,IMG_0636,IMG_0636_7,908
205 ps Water,IMG_0636,IMG_0636_8,2012
205 ps Water,IMG_0636,IMG_0636_9,1322
205 ps Water,IMG_0636,IMG_0636_10,10495
205 ps Water,IMG_0636,IMG_0636_11,3303
205 ps Water,IMG_0636,IMG_0636_12,1037
205 ps Water,IMG_0636,IMG_0636_13,2845
205 ps Water,IMG_0636,IMG_0636_14,76
205 ps Water,IMG_0636,IMG_0636_15,2751
205 ps Water,IMG_0636,IMG_0636_16,840
205 ps Water,IMG_0636,IMG_0636_17,1209
205 ps Water,IMG_0636,IMG_0636_18,1189
205 ps Water,IMG_0636,IMG_0636_19,838
205 ps Water,IMG_0636,IMG_0636_20,2369
205 ps Water,IMG_0636,IMG_0636_21,206
205 ps Water,IMG_0636,IMG_0636_22,521
205 ps Water,IMG_0636,IMG_0636_23,766
205 ps Water,IMG_0636,IMG_0636_24,310
205 ps Water,IMG_0636,IMG_0636_25,1823
205 ps Water,IMG_0636,IMG_0636_26,836
205 ps Water,IMG_0636,IMG_0636_27,908
205 ps Water,IMG_0636,IMG_0636_28,1325
205 ps Water,IMG_0636,IMG_0636_29,1044
205 ps Water,IMG_0636,IMG_0636_30,633
205 ps Water,IMG_0636,IMG_0636_31,178
205 ps Water,IMG_0636,IMG_0636_32,1944
205 ps Water,IMG_0636,IMG_0636_33,359
205 ps Water,IMG_0636,IMG_0636_34,5051
205 ps Water,IMG_0636,IMG_0636_35,421
205 ps Water,IMG_0636,IMG_0636_36,1201
205 ps Water,IMG_0636,IMG_0636_37,948
205 ps Water,IMG_0636,IMG_0636_38,2179
205 ps Water,IMG_0636,IMG_0636_39,417
205 ps Water,IMG_0636,IMG_0636_40,8443
205 ps Water,IMG_0636,IMG_0636_41,285
205 ps Water,IMG_0636,IMG_0636_42,488
205 ps Water,IMG_0636,IMG_0636_43,1423
205 ps Water,IMG_0636,IMG_0636_44,1669
203 ts Water,IMG_0672,IMG_0672_1,5552
203 ts Water,IMG_0672,IMG_0672_2,79
203 ts Water,IMG_0672,IMG_0672_3,2196
203 ts Water,IMG_0672,IMG_0672_4,1124
203 ts Water,IMG_0672,IMG_0672_5,219
203 ts Water,IMG_0672,IMG_0672_6,1186
203 ts Water,IMG_0672,IMG_0672_7,1623
203 ts Water,IMG_0672,IMG_0672_8,179
203 ts Water,IMG_0672,IMG_0672_9,907
203 ts Water,IMG_0672,IMG_0672_10,940
203 ts Water,IMG_0672,IMG_0672_11,705
203 ts Water,IMG_0672,IMG_0672_12,1911
203 ts Water,IMG_0672,IMG_0672_13,328
203 ts Water,IMG_0672,IMG_0672_14,598
203 ts Water,IMG_0672,IMG_0672_15,675
203 ts Water,IMG_0672,IMG_0672_16,3971
203 ts Water,IMG_0672,IMG_0672_17,1665
203 ts Water,IMG_0672,IMG_0672_18,227
203 ts Water,IMG_0672,IMG_0672_19,1504
203 ts Water,IMG_0672,IMG_0672_20,1019
203 ts Water,IMG_0672,IMG_0672_21,1338
203 ts Water,IMG_0672,IMG_0672_22,1224
203 ts Water,IMG_0672,IMG_0672_23,317
203 ts Water,IMG_0672,IMG_0672_24,2497
203 ts Water,IMG_0672,IMG_0672_25,1995
203 ts Water,IMG_0672,IMG_0672_26,1155
203 ts Water,IMG_0672,IMG_0672_27,564
203 ts Water,IMG_0672,IMG_0672_28,1828
203 ts Water,IMG_0672,IMG_0672_29,141
203 ts Water,IMG_0672,IMG_0672_30,454
203 ts Water,IMG_0672,IMG_0672_31,559
203 ts Water,IMG_0672,IMG_0672_32,1705
203 ts Water,IMG_0672,IMG_0672_33,251
203 ts Water,IMG_0672,IMG_0672_34,1741
203 ts Water,IMG_0672,IMG_0672_35,158
203 ts Water,IMG_0672,IMG_0672_36,387
203 ts Water,IMG_0672,IMG_0672_37,807
203 ts Water,IMG_0672,IMG_0672_38,352
203 ts Water,IMG_0672,IMG_0672_39,1800
203 ts Water,IMG_0672,IMG_0672_40,2908
203 ts Water,IMG_0672,IMG_0672_41,78
203 ts Water,IMG_0672,IMG_0672_42,741
203 ts Water,IMG_0672,IMG_0672_43,772
203 ts Water,IMG_0672,IMG_0672_44,2488
203 ts Water,IMG_0672,IMG_0672_45,77
203 ts Water,IMG_0672,IMG_0672_46,220
203 ts Water,IMG_0672,IMG_0672_47,502
203 ts Water,IMG_0672,IMG_0672_48,182
203 ts Water,IMG_0672,IMG_0672_49,1744
203 ts Water,IMG_0672,IMG_0672_50,708
203 ts Water,IMG_0672,IMG_0672_51,703
203 ts Water,IMG_0672,IMG_0672_52,842
203 ts Water,IMG_0672,IMG_0672_53,461
203 ts Water,IMG_0672,IMG_0672_54,397
203 ts Water,IMG_0672,IMG_0672_55,671
203 ts Water,IMG_0672,IMG_0672_56,1043
203 ts Water,IMG_0672,IMG_0672_57,3319
203 ts Water,IMG_0672,IMG_0672_58,675
203 ts Water,IMG_0672,IMG_0672_59,849
203 ts Water,IMG_0672,IMG_0672_60,804
203 ts Water,IMG_0672,IMG_0672_61,113
203 ts Water,IMG_0672,IMG_0672_62,1611
203 ts Water,IMG_0672,IMG_0672_63,3840
203 ts Water,IMG_0672,IMG_0672_64,1833
203 ts Water,IMG_0672,IMG_0672_65,392
203 ts Water,IMG_0672,IMG_0672_66,806
203 ts Water,IMG_0672,IMG_0672_67,113
203 ts Water,IMG_0672,IMG_0672_68,75
203 ts Water,IMG_0672,IMG_0672_69,2053
203 ts Water,IMG_0672,IMG_0672_70,936
203 ts Water,IMG_0672,IMG_0672_71,736
203 ts Water,IMG_0672,IMG_0672_72,209
203 ts Water,IMG_0672,IMG_0672_73,1553
203 ts Water,IMG_0672,IMG_0672_74,771
203 ts Water,IMG_0672,IMG_0672_75,388
203 ts Water,IMG_0672,IMG_0672_76,914
203 ts Water,IMG_0672,IMG_0672_77,493
203 ts Water,IMG_0672,IMG_0672_78,917
203 ts Water,IMG_0672,IMG_0672_79,251
203 ts Water,IMG_0672,IMG_0672_80,1301
203 ts Water,IMG_0672,IMG_0672_81,1339
203 ts Water,IMG_0672,IMG_0672_82,322
203 ts Water,IMG_0672,IMG_0672_83,493
203 ts Water,IMG_0672,IMG_0672_84,74
203 ts Water,IMG_0672,IMG_0672_85,364
203 ts Water,IMG_0672,IMG_0672_86,491
201 ts Soil,IMG_0739,IMG_0739_1,870
201 ts Soil,IMG_0739,IMG_0739_2,1096
201 ts Soil,IMG_0739,IMG_0739_3,1171
201 ts Soil,IMG_0739,IMG_0739_4,422
201 ts Soil,IMG_0739,IMG_0739_5,948
201 ts Soil,IMG_0739,IMG_0739_6,431
201 ts Soil,IMG_0739,IMG_0739_7,1905
201 ts Soil,IMG_0739,IMG_0739_8,397
201 ts Soil,IMG_0739,IMG_0739_9,907
201 ts Soil,IMG_0739,IMG_0739_10,1213
201 ts Soil,IMG_0739,IMG_0739_11,1636
201 ts Soil,IMG_0739,IMG_0739_12,1420
201 ts Soil,IMG_0739,IMG_0739_13,505
201 ts Soil,IMG_0739,IMG_0739_14,184
201 ts Soil,IMG_0739,IMG_0739_15,422
201 ts Soil,IMG_0739,IMG_0739_16,702
201 ts Soil,IMG_0739,IMG_0739_17,732
201 ts Soil,IMG_0739,IMG_0739_18,843
201 ts Soil,IMG_0739,IMG_0739_19,4231
201 ts Soil,IMG_0739,IMG_0739_20,2282
201 ts Soil,IMG_0739,IMG_0739_21,78
201 ts Soil,IMG_0739,IMG_0739_22,919
201 ts Soil,IMG_0739,IMG_0739_23,464
201 ts Soil,IMG_0739,IMG_0739_24,563
201 ts Soil,IMG_0739,IMG_0739_25,493
201 ts Soil,IMG_0739,IMG_0739_26,1266
201 ts Soil,IMG_0739,IMG_0739_27,80
201 ts Soil,IMG_0739,IMG_0739_28,312
201 ts Soil,IMG_0739,IMG_0739_29,3079
201 ts Soil,IMG_0739,IMG_0739_30,427
201 ts Soil,IMG_0739,IMG_0739_31,389
201 ts Soil,IMG_0739,IMG_0739_32,1820
201 ts Soil,IMG_0739,IMG_0739_33,1654
201 ts Soil,IMG_0739,IMG_0739_34,305
201 ts Soil,IMG_0739,IMG_0739_35,1345
201 ts Soil,IMG_0739,IMG_0739_36,284
201 ts Soil,IMG_0739,IMG_0739_37,1948
201 ts Soil,IMG_0739,IMG_0739_38,981
104 ps Soil,IMG_0474,IMG_0474_1,1616
104 ps Soil,IMG_0474,IMG_0474_2,635
104 ps Soil,IMG_0474,IMG_0474_3,862
104 ps Soil,IMG_0474,IMG_0474_4,1692
104 ps Soil,IMG_0474,IMG_0474_5,2063
104 ps Soil,IMG_0474,IMG_0474_6,1048
104 ps Soil,IMG_0474,IMG_0474_7,4760
104 ps Soil,IMG_0474,IMG_0474_8,2913
104 ps Soil,IMG_0474,IMG_0474_9,735
104 ps Soil,IMG_0474,IMG_0474_10,2494
104 ps Soil,IMG_0474,IMG_0474_11,1884
104 ps Soil,IMG_0474,IMG_0474_12,765
104 ps Soil,IMG_0474,IMG_0474_13,624
104 ps Soil,IMG_0474,IMG_0474_14,2640
104 ps Soil,IMG_0474,IMG_0474_15,1635
104 ps Soil,IMG_0474,IMG_0474_16,3026
104 ps Soil,IMG_0474,IMG_0474_17,310
104 ps Soil,IMG_0474,IMG_0474_18,1344
104 ps Soil,IMG_0474,IMG_0474_19,983
104 ps Soil,IMG_0474,IMG_0474_20,5553
104 ps Soil,IMG_0474,IMG_0474_21,4966
104 ps Soil,IMG_0474,IMG_0474_22,2549
104 ps Soil,IMG_0474,IMG_0474_23,2495
104 ps Soil,IMG_0474,IMG_0474_24,9374
104 ps Soil,IMG_0474,IMG_0474_25,935
104 ps Soil,IMG_0474,IMG_0474_26,3617
104 ps Soil,IMG_0474,IMG_0474_27,422
104 ps Soil,IMG_0474,IMG_0474_28,1425
104 ps Soil,IMG_0474,IMG_0474_29,1417
104 ps Soil,IMG_0474,IMG_0474_30,1523
104 ps Soil,IMG_0474,IMG_0474_31,9304
104 ps Soil,IMG_0474,IMG_0474_32,2119
104 ps Soil,IMG_0474,IMG_0474_33,316
104 ps Soil,IMG_0474,IMG_0474_34,4714
104 ps Soil,IMG_0474,IMG_0474_35,1159
104 ps Soil,IMG_0474,IMG_0474_36,523
104 ps Soil,IMG_0474,IMG_0474_37,2148
104 ps Soil,IMG_0474,IMG_0474_38,320
104 ps Soil,IMG_0474,IMG_0474_39,1518
104 ps Soil,IMG_0474,IMG_0474_40,2012
104 ps Soil,IMG_0474,IMG_0474_41,922
104 ps Soil,IMG_0474,IMG_0474_42,699
104 ps Soil,IMG_0474,IMG_0474_43,3743
104 ps Soil,IMG_0474,IMG_0474_44,995
104 ps Soil,IMG_0474,IMG_0474_45,1638
104 ps Soil,IMG_0474,IMG_0474_46,2958
104 ps Soil,IMG_0474,IMG_0474_47,805
104 ps Soil,IMG_0474,IMG_0474_48,735
104 ps Soil,IMG_0474,IMG_0474_49,2208
104 ps Soil,IMG_0474,IMG_0474_50,912
104 ps Soil,IMG_0474,IMG_0474_51,2932
104 ps Soil,IMG_0474,IMG_0474_52,3603
104 ps Soil,IMG_0474,IMG_0474_53,1057
104 ps Soil,IMG_0474,IMG_0474_54,863
104 ps Soil,IMG_0474,IMG_0474_55,4936
104 ps Soil,IMG_0474,IMG_0474_56,1309
104 ps Soil,IMG_0474,IMG_0474_57,1151
104 ps Soil,IMG_0474,IMG_0474_58,738
104 ps Soil,IMG_0474,IMG_0474_59,420
104 ps Soil,IMG_0474,IMG_0474_60,1007
104 ps Soil,IMG_0474,IMG_0474_61,1417
104 ps Soil,IMG_0474,IMG_0474_62,355
104 ps Soil,IMG_0474,IMG_0474_63,211
104 ps Soil,IMG_0474,IMG_0474_64,485
104 ps Soil,IMG_0474,IMG_0474_65,865
104 ps Soil,IMG_0474,IMG_0474_66,489
104 ps Soil,IMG_0474,IMG_0474_67,587
104 ps Soil,IMG_0474,IMG_0474_68,1295
104 ps Soil,IMG_0474,IMG_0474_69,1920
104 ps Soil,IMG_0474,IMG_0474_70,75
104 ps Soil,IMG_0474,IMG_0474_71,1803
104 ps Soil,IMG_0474,IMG_0474_72,186
104 ps Soil,IMG_0474,IMG_0474_73,313
104 ps Soil,IMG_0474,IMG_0474_74,204
104 ps Soil,IMG_0474,IMG_0474_75,528
104 ps Soil,IMG_0474,IMG_0474_76,318
104 ps Soil,IMG_0474,IMG_0474_77,379
104 ps Soil,IMG_0474,IMG_0474_78,456
104 ps Soil,IMG_0474,IMG_0474_79,528
104 ps Soil,IMG_0474,IMG_0474_80,355
104 ps Soil,IMG_0474,IMG_0474_81,498
104 ps Soil,IMG_0474,IMG_0474_82,1267
104 ps Soil,IMG_0474,IMG_0474_83,317
104 ps Soil,IMG_0474,IMG_0474_84,1072
104 ps Soil,IMG_0474,IMG_0474_85,2447
104 ps Soil,IMG_0474,IMG_0474_86,384
101 ts Water,IMG_0177,IMG_0177_1,559
101 ts Water,IMG_0177,IMG_0177_2,5548
101 ts Water,IMG_0177,IMG_0177_3,1642
101 ts Water,IMG_0177,IMG_0177_4,272
101 ts Water,IMG_0177,IMG_0177_5,1194
101 ts Water,IMG_0177,IMG_0177_6,8879
101 ts Water,IMG_0177,IMG_0177_7,3942
101 ts Water,IMG_0177,IMG_0177_8,1357
101 ts Water,IMG_0177,IMG_0177_9,2532
101 ts Water,IMG_0177,IMG_0177_10,175
101 ts Water,IMG_0177,IMG_0177_11,1671
101 ts Water,IMG_0177,IMG_0177_12,3547
101 ts Water,IMG_0177,IMG_0177_13,1208
101 ts Water,IMG_0177,IMG_0177_14,5564
101 ts Water,IMG_0177,IMG_0177_15,2015
101 ts Water,IMG_0177,IMG_0177_16,1482
101 ts Water,IMG_0177,IMG_0177_17,1598
101 ts Water,IMG_0177,IMG_0177_18,385
101 ts Water,IMG_0177,IMG_0177_19,1341
101 ts Water,IMG_0177,IMG_0177_20,1550
101 ts Water,IMG_0177,IMG_0177_21,660
101 ts Water,IMG_0177,IMG_0177_22,494
101 ts Water,IMG_0177,IMG_0177_23,1433
101 ts Water,IMG_0177,IMG_0177_24,1346
101 ts Water,IMG_0177,IMG_0177_25,668
101 ts Water,IMG_0177,IMG_0177_26,383
101 ts Water,IMG_0177,IMG_0177_27,1209
101 ts Water,IMG_0177,IMG_0177_28,313
101 ts Water,IMG_0177,IMG_0177_29,3453
101 ts Water,IMG_0177,IMG_0177_30,10233
101 ts Water,IMG_0177,IMG_0177_31,73
106 ps Water,IMG_0407,IMG_0407_1,3297
106 ps Water,IMG_0407,IMG_0407_2,2679
106 ps Water,IMG_0407,IMG_0407_3,139
106 ps Water,IMG_0407,IMG_0407_4,363
106 ps Water,IMG_0407,IMG_0407_5,4496
106 ps Water,IMG_0407,IMG_0407_6,6805
106 ps Water,IMG_0407,IMG_0407_7,1558
106 ps Water,IMG_0407,IMG_0407_8,2899
106 ps Water,IMG_0407,IMG_0407_9,1020
106 ps Water,IMG_0407,IMG_0407_10,109
106 ps Water,IMG_0407,IMG_0407_11,3185
106 ps Water,IMG_0407,IMG_0407_12,5825
106 ps Water,IMG_0407,IMG_0407_13,111
106 ps Water,IMG_0407,IMG_0407_14,214
106 ps Water,IMG_0407,IMG_0407_15,2348
106 ps Water,IMG_0407,IMG_0407_16,2256
106 ps Water,IMG_0407,IMG_0407_17,1550
106 ps Water,IMG_0407,IMG_0407_18,727
106 ps Water,IMG_0407,IMG_0407_19,425
106 ps Water,IMG_0407,IMG_0407_20,903
106 ps Water,IMG_0407,IMG_0407_21,1182
106 ps Water,IMG_0407,IMG_0407_22,839
106 ps Water,IMG_0407,IMG_0407_23,2342
106 ps Water,IMG_0407,IMG_0407_24,2188
106 ps Water,IMG_0407,IMG_0407_25,3914
106 ps Water,IMG_0407,IMG_0407_26,1490
106 ps Water,IMG_0407,IMG_0407_27,842
106 ps Water,IMG_0407,IMG_0407_28,1272
106 ps Water,IMG_0407,IMG_0407_29,796
106 ps Water,IMG_0407,IMG_0407_30,3579
106 ps Water,IMG_0407,IMG_0407_31,356
106 ps Water,IMG_0407,IMG_0407_32,1317
106 ps Water,IMG_0407,IMG_0407_33,525
106 ps Water,IMG_0407,IMG_0407_34,1117
106 ps Water,IMG_0407,IMG_0407_35,3003
106 ps Water,IMG_0407,IMG_0407_36,175
106 ps Water,IMG_0407,IMG_0407_37,912
106 ps Water,IMG_0407,IMG_0407_38,4603
106 ps Water,IMG_0407,IMG_0407_39,524
106 ps Water,IMG_0407,IMG_0407_40,4317
106 ps Water,IMG_0407,IMG_0407_41,567
106 ps Water,IMG_0407,IMG_0407_42,935
106 ps Water,IMG_0407,IMG_0407_43,592
106 ps Water,IMG_0407,IMG_0407_44,7699
106 ps Water,IMG_0407,IMG_0407_45,2119
106 ps Water,IMG_0407,IMG_0407_46,1707
106 ps Water,IMG_0407,IMG_0407_47,602
106 ps Water,IMG_0407,IMG_0407_48,353
106 ps Water,IMG_0407,IMG_0407_49,283
106 ps Water,IMG_0407,IMG_0407_50,897
106 ps Water,IMG_0407,IMG_0407_51,487
106 ps Water,IMG_0407,IMG_0407_52,772
106 ps Water,IMG_0407,IMG_0407_53,350
106 ps Water,IMG_0407,IMG_0407_54,595
106 ps Water,IMG_0407,IMG_0407_55,110
106 ps Water,IMG_0407,IMG_0407_56,629
106 ps Water,IMG_0407,IMG_0407_57,112
106 ps Water,IMG_0407,IMG_0407_58,423
106 ps Water,IMG_0407,IMG_0407_59,801
106 ps Water,IMG_0407,IMG_0407_60,626
106 ps Water,IMG_0407,IMG_0407_61,738
106 ps Water,IMG_0407,IMG_0407_62,1140
106 ps Water,IMG_0407,IMG_0407_63,904
106 ps Water,IMG_0407,IMG_0407_64,1118
106 ps Water,IMG_0407,IMG_0407_65,1532
106 ps Water,IMG_0407,IMG_0407_66,2379
106 ps Water,IMG_0407,IMG_0407_67,2662
106 ps Water,IMG_0407,IMG_0407_68,204
106 ps Water,IMG_0407,IMG_0407_69,2530
106 ps Water,IMG_0407,IMG_0407_70,247
106 ps Water,IMG_0407,IMG_0407_71,241
106 ps Water,IMG_0407,IMG_0407_72,2530
106 ps Water,IMG_0407,IMG_0407_73,1222
106 ps Water,IMG_0407,IMG_0407_74,1457
106 ps Water,IMG_0407,IMG_0407_75,74
106 ps Water,IMG_0407,IMG_0407_76,1036
106 ps Water,IMG_0407,IMG_0407_77,162
106 ps Water,IMG_0407,IMG_0407_78,1984
106 ps Water,IMG_0407,IMG_0407_79,3774
106 ps Water,IMG_0407,IMG_0407_80,252
106 ps Water,IMG_0407,IMG_0407_81,631
106 ps Water,IMG_0407,IMG_0407_82,213
106 ps Water,IMG_0407,IMG_0407_83,454
106 ps Water,IMG_0407,IMG_0407_84,80
106 ps Water,IMG_0407,IMG_0407_85,1215
106 ps Water,IMG_0407,IMG_0407_86,739
106 ps Water,IMG_0407,IMG_0407_87,1453
106 ps Water,IMG_0407,IMG_0407_88,187
106 ps Water,IMG_0407,IMG_0407_89,1042
106 ps Water,IMG_0407,IMG_0407_90,355
106 ps Water,IMG_0407,IMG_0407_91,355
106 ps Water,IMG_0407,IMG_0407_92,423
106 ps Water,IMG_0407,IMG_0407_93,462
106 ps Water,IMG_0407,IMG_0407_94,727
106 ps Water,IMG_0407,IMG_0407_95,179
103 ts Soil+Leaf,IMG_0239,IMG_0239_1,1231
103 ts Soil+Leaf,IMG_0239,IMG_0239_2,1708
103 ts Soil+Leaf,IMG_0239,IMG_0239_3,1356
103 ts Soil+Leaf,IMG_0239,IMG_0239_4,502
103 ts Soil+Leaf,IMG_0239,IMG_0239_5,636
103 ts Soil+Leaf,IMG_0239,IMG_0239_6,873
103 ts Soil+Leaf,IMG_0239,IMG_0239_7,1117
103 ts Soil+Leaf,IMG_0239,IMG_0239_8,742
103 ts Soil+Leaf,IMG_0239,IMG_0239_9,952
103 ts Soil+Leaf,IMG_0239,IMG_0239_10,389
103 ts Soil+Leaf,IMG_0239,IMG_0239_11,1156
103 ts Soil+Leaf,IMG_0239,IMG_0239_12,949
103 ts Soil+Leaf,IMG_0239,IMG_0239_13,748
103 ts Soil+Leaf,IMG_0239,IMG_0239_14,179
103 ts Soil+Leaf,IMG_0239,IMG_0239_15,185
103 ts Soil+Leaf,IMG_0239,IMG_0239_16,455
103 ts Soil+Leaf,IMG_0239,IMG_0239_17,251
103 ts Soil+Leaf,IMG_0239,IMG_0239_18,110
103 ts Soil+Leaf,IMG_0239,IMG_0239_19,2067
103 ts Soil+Leaf,IMG_0239,IMG_0239_20,463
103 ts Soil+Leaf,IMG_0239,IMG_0239_21,2172
103 ts Soil+Leaf,IMG_0239,IMG_0239_22,2033
103 ts Soil+Leaf,IMG_0239,IMG_0239_23,500
103 ts Soil+Leaf,IMG_0239,IMG_0239_24,702
103 ts Soil+Leaf,IMG_0239,IMG_0239_25,985
103 ts Soil+Leaf,IMG_0239,IMG_0239_26,456
103 ts Soil+Leaf,IMG_0239,IMG_0239_27,916
103 ts Soil+Leaf,IMG_0239,IMG_0239_28,1597
103 ts Soil+Leaf,IMG_0239,IMG_0239_29,1615
103 ts Soil+Leaf,IMG_0239,IMG_0239_30,3140
103 ts Soil+Leaf,IMG_0239,IMG_0239_31,316
103 ts Soil+Leaf,IMG_0239,IMG_0239_32,3013
103 ts Soil+Leaf,IMG_0239,IMG_0239_33,320
103 ts Soil+Leaf,IMG_0239,IMG_0239_34,1539
103 ts Soil+Leaf,IMG_0239,IMG_0239_35,497
103 ts Soil+Leaf,IMG_0239,IMG_0239_36,1626
103 ts Soil+Leaf,IMG_0239,IMG_0239_37,428
103 ts Soil+Leaf,IMG_0239,IMG_0239_38,988
103 ts Soil+Leaf,IMG_0239,IMG_0239_39,592
103 ts Soil+Leaf,IMG_0239,IMG_0239_40,144
103 ts Soil+Leaf,IMG_0239,IMG_0239_41,274
103 ts Soil+Leaf,IMG_0239,IMG_0239_42,1443
102 ts Soil,IMG_0208,IMG_0208_1,460
102 ts Soil,IMG_0208,IMG_0208_2,701
102 ts Soil,IMG_0208,IMG_0208_3,3425
102 ts Soil,IMG_0208,IMG_0208_4,567
102 ts Soil,IMG_0208,IMG_0208_5,4645
102 ts Soil,IMG_0208,IMG_0208_6,567
102 ts Soil,IMG_0208,IMG_0208_7,74
102 ts Soil,IMG_0208,IMG_0208_8,1331
102 ts Soil,IMG_0208,IMG_0208_9,205
102 ts Soil,IMG_0208,IMG_0208_10,1025
102 ts Soil,IMG_0208,IMG_0208_11,591
102 ts Soil,IMG_0208,IMG_0208_12,120
102 ts Soil,IMG_0208,IMG_0208_13,1223
102 ts Soil,IMG_0208,IMG_0208_14,397
102 ts Soil,IMG_0208,IMG_0208_15,1001
102 ts Soil,IMG_0208,IMG_0208_16,1753
102 ts Soil,IMG_0208,IMG_0208_17,1697
102 ts Soil,IMG_0208,IMG_0208_18,1406
102 ts Soil,IMG_0208,IMG_0208_19,1672
102 ts Soil,IMG_0208,IMG_0208_20,1317
102 ts Soil,IMG_0208,IMG_0208_21,4036
102 ts Soil,IMG_0208,IMG_0208_22,694
102 ts Soil,IMG_0208,IMG_0208_23,1052
102 ts Soil,IMG_0208,IMG_0208_24,148
102 ts Soil,IMG_0208,IMG_0208_25,318
102 ts Soil,IMG_0208,IMG_0208_26,1006
102 ts Soil,IMG_0208,IMG_0208_27,1216
102 ts Soil,IMG_0208,IMG_0208_28,1167
102 ts Soil,IMG_0208,IMG_0208_29,2660
102 ts Soil,IMG_0208,IMG_0208_30,1143
102 ts Soil,IMG_0208,IMG_0208_31,466
102 ts Soil,IMG_0208,IMG_0208_32,1189
102 ts Soil,IMG_0208,IMG_0208_33,1789
102 ts Soil,IMG_0208,IMG_0208_34,417
102 ts Soil,IMG_0208,IMG_0208_35,183
102 ts Soil,IMG_0208,IMG_0208_36,1120
102 ts Soil,IMG_0208,IMG_0208_37,250
102 ts Soil,IMG_0208,IMG_0208_38,114
303 ps Soil+Leaf,IMG_0372,IMG_0372_1,14955
303 ps Soil+Leaf,IMG_0372,IMG_0372_2,1611
303 ps Soil+Leaf,IMG_0372,IMG_0372_3,25255
303 ps Soil+Leaf,IMG_0372,IMG_0372_4,17402
303 ps Soil+Leaf,IMG_0372,IMG_0372_5,107
303 ps Soil+Leaf,IMG_0372,IMG_0372_6,314
303 ps Soil+Leaf,IMG_0372,IMG_0372_7,2252
303 ps Soil+Leaf,IMG_0372,IMG_0372_8,1482
303 ps Soil+Leaf,IMG_0372,IMG_0372_9,3168
303 ps Soil+Leaf,IMG_0372,IMG_0372_10,452
303 ps Soil+Leaf,IMG_0372,IMG_0372_11,2468
303 ps Soil+Leaf,IMG_0372,IMG_0372_12,1294
303 ps Soil+Leaf,IMG_0372,IMG_0372_13,4023
303 ps Soil+Leaf,IMG_0372,IMG_0372_14,5916
303 ps Soil+Leaf,IMG_0372,IMG_0372_15,492
303 ps Soil+Leaf,IMG_0372,IMG_0372_16,245
303 ps Soil+Leaf,IMG_0372,IMG_0372_17,105
303 ps Soil+Leaf,IMG_0372,IMG_0372_18,1972
303 ps Soil+Leaf,IMG_0372,IMG_0372_19,6258
303 ps Soil+Leaf,IMG_0372,IMG_0372_20,2279
303 ps Soil+Leaf,IMG_0372,IMG_0372_21,3547
303 ps Soil+Leaf,IMG_0372,IMG_0372_22,1084
303 ps Soil+Leaf,IMG_0372,IMG_0372_23,1522
303 ps Soil+Leaf,IMG_0372,IMG_0372_24,4503
303 ps Soil+Leaf,IMG_0372,IMG_0372_25,74
303 ps Soil+Leaf,IMG_0372,IMG_0372_26,386
303 ps Soil+Leaf,IMG_0372,IMG_0372_27,140
303 ps Soil+Leaf,IMG_0372,IMG_0372_28,2626
303 ps Soil+Leaf,IMG_0372,IMG_0372_29,1339
303 ps Soil+Leaf,IMG_0372,IMG_0372_30,764
303 ps Soil+Leaf,IMG_0372,IMG_0372_31,181
303 ps Soil+Leaf,IMG_0372,IMG_0372_32,1528
303 ps Soil+Leaf,IMG_0372,IMG_0372_33,5849
303 ps Soil+Leaf,IMG_0372,IMG_0372_34,154
303 ps Soil+Leaf,IMG_0372,IMG_0372_35,1730
303 ps Soil+Leaf,IMG_0372,IMG_0372_36,8398
303 ps Soil+Leaf,IMG_0372,IMG_0372_37,3726
303 ps Soil+Leaf,IMG_0372,IMG_0372_38,1461
303 ps Soil+Leaf,IMG_0372,IMG_0372_39,5764
303 ps Soil+Leaf,IMG_0372,IMG_0372_40,4024
303 ps Soil+Leaf,IMG_0372,IMG_0372_41,211
303 ps Soil+Leaf,IMG_0372,IMG_0372_42,1885
303 ps Soil+Leaf,IMG_0372,IMG_0372_43,6352
303 ps Soil+Leaf,IMG_0372,IMG_0372_44,6399
303 ps Soil+Leaf,IMG_0372,IMG_0372_45,4168
303 ps Soil+Leaf,IMG_0372,IMG_0372_46,1237
303 ps Soil+Leaf,IMG_0372,IMG_0372_47,1039
303 ps Soil+Leaf,IMG_0372,IMG_0372_48,866
303 ps Soil+Leaf,IMG_0372,IMG_0372_49,421
303 ps Soil+Leaf,IMG_0372,IMG_0372_50,1627
303 ps Soil+Leaf,IMG_0372,IMG_0372_51,5929
303 ps Soil+Leaf,IMG_0372,IMG_0372_52,251
303 ps Soil+Leaf,IMG_0372,IMG_0372_53,1187
303 ps Soil+Leaf,IMG_0372,IMG_0372_54,1730
303 ps Soil+Leaf,IMG_0372,IMG_0372_55,589
303 ps Soil+Leaf,IMG_0372,IMG_0372_56,1077
303 ps Soil+Leaf,IMG_0372,IMG_0372_57,3417
303 ps Soil+Leaf,IMG_0372,IMG_0372_58,4263
303 ps Soil+Leaf,IMG_0372,IMG_0372_59,1683
303 ps Soil+Leaf,IMG_0372,IMG_0372_60,1666
303 ps Soil+Leaf,IMG_0372,IMG_0372_61,1934
303 ps Soil+Leaf,IMG_0372,IMG_0372_62,1589
303 ps Soil+Leaf,IMG_0372,IMG_0372_63,1114
303 ps Soil+Leaf,IMG_0372,IMG_0372_64,1920
303 ps Soil+Leaf,IMG_0372,IMG_0372_65,1573
303 ps Soil+Leaf,IMG_0372,IMG_0372_66,1489
303 ps Soil+Leaf,IMG_0372,IMG_0372_67,1727
303 ps Soil+Leaf,IMG_0372,IMG_0372_68,1483
303 ps Soil+Leaf,IMG_0372,IMG_0372_69,978
303 ps Soil+Leaf,IMG_0372,IMG_0372_70,5984
303 ps Soil+Leaf,IMG_0372,IMG_0372_71,110
303 ps Soil+Leaf,IMG_0372,IMG_0372_72,1440
303 ps Soil+Leaf,IMG_0372,IMG_0372_73,1747
303 ps Soil+Leaf,IMG_0372,IMG_0372_74,555
303 ps Soil+Leaf,IMG_0372,IMG_0372_75,589
303 ps Soil+Leaf,IMG_0372,IMG_0372_76,907
303 ps Soil+Leaf,IMG_0372,IMG_0372_77,2906
303 ps Soil+Leaf,IMG_0372,IMG_0372_78,1180
303 ps Soil+Leaf,IMG_0372,IMG_0372_79,212
303 ps Soil+Leaf,IMG_0372,IMG_0372_80,912
303 ps Soil+Leaf,IMG_0372,IMG_0372_81,587
303 ps Soil+Leaf,IMG_0372,IMG_0372_82,1715
303 ps Soil+Leaf,IMG_0372,IMG_0372_83,3009
303 ps Soil+Leaf,IMG_0372,IMG_0372_84,152
303 ps Soil+Leaf,IMG_0372,IMG_0372_85,2219
303 ps Soil+Leaf,IMG_0372,IMG_0372_86,150
303 ps Soil+Leaf,IMG_0372,IMG_0372_87,286
303 ps Soil+Leaf,IMG_0372,IMG_0372_88,553
303 ps Soil+Leaf,IMG_0372,IMG_0372_89,860
303 ps Soil+Leaf,IMG_0372,IMG_0372_90,383
303 ps Soil+Leaf,IMG_0372,IMG_0372_91,204
303 ps Soil+Leaf,IMG_0372,IMG_0372_92,1894
303 ps Soil+Leaf,IMG_0372,IMG_0372_93,524
303 ps Soil+Leaf,IMG_0372,IMG_0372_94,3217
303 ps Soil+Leaf,IMG_0372,IMG_0372_95,4331
303 ps Soil+Leaf,IMG_0372,IMG_0372_96,2218
303 ps Soil+Leaf,IMG_0372,IMG_0372_97,312
303 ps Soil+Leaf,IMG_0372,IMG_0372_98,736
303 ps Soil+Leaf,IMG_0372,IMG_0372_99,177
303 ps Soil+Leaf,IMG_0372,IMG_0372_100,2135
303 ps Soil+Leaf,IMG_0372,IMG_0372_101,211
303 ps Soil+Leaf,IMG_0372,IMG_0372_102,386
303 ps Soil+Leaf,IMG_0372,IMG_0372_103,1108
305 ps Water,IMG_0506,IMG_0506_1,834
305 ps Water,IMG_0506,IMG_0506_2,867
305 ps Water,IMG_0506,IMG_0506_3,863
305 ps Water,IMG_0506,IMG_0506_4,2994
305 ps Water,IMG_0506,IMG_0506_5,276
305 ps Water,IMG_0506,IMG_0506_6,525
305 ps Water,IMG_0506,IMG_0506_7,1755
305 ps Water,IMG_0506,IMG_0506_8,3142
305 ps Water,IMG_0506,IMG_0506_9,2765
305 ps Water,IMG_0506,IMG_0506_10,145
305 ps Water,IMG_0506,IMG_0506_11,1690
305 ps Water,IMG_0506,IMG_0506_12,7190
305 ps Water,IMG_0506,IMG_0506_13,916
305 ps Water,IMG_0506,IMG_0506_14,310
305 ps Water,IMG_0506,IMG_0506_15,702
305 ps Water,IMG_0506,IMG_0506_16,731
305 ps Water,IMG_0506,IMG_0506_17,4385
305 ps Water,IMG_0506,IMG_0506_18,1118
305 ps Water,IMG_0506,IMG_0506_19,139
305 ps Water,IMG_0506,IMG_0506_20,597
305 ps Water,IMG_0506,IMG_0506_21,1836
305 ps Water,IMG_0506,IMG_0506_22,3254
305 ps Water,IMG_0506,IMG_0506_23,2332
305 ps Water,IMG_0506,IMG_0506_24,2640
305 ps Water,IMG_0506,IMG_0506_25,1384
305 ps Water,IMG_0506,IMG_0506_26,242
305 ps Water,IMG_0506,IMG_0506_27,1827
305 ps Water,IMG_0506,IMG_0506_28,2440
305 ps Water,IMG_0506,IMG_0506_29,1446
305 ps Water,IMG_0506,IMG_0506_30,2193
305 ps Water,IMG_0506,IMG_0506_31,348
305 ps Water,IMG_0506,IMG_0506_32,3053
305 ps Water,IMG_0506,IMG_0506_33,1401
305 ps Water,IMG_0506,IMG_0506_34,451
305 ps Water,IMG_0506,IMG_0506_35,8447
305 ps Water,IMG_0506,IMG_0506_36,73
305 ps Water,IMG_0506,IMG_0506_37,8451
305 ps Water,IMG_0506,IMG_0506_38,14884
305 ps Water,IMG_0506,IMG_0506_39,1601
305 ps Water,IMG_0506,IMG_0506_40,2534
305 ps Water,IMG_0506,IMG_0506_41,2029
305 ps Water,IMG_0506,IMG_0506_42,312
305 ps Water,IMG_0506,IMG_0506_43,523
305 ps Water,IMG_0506,IMG_0506_44,1962
305 ps Water,IMG_0506,IMG_0506_45,2391
305 ps Water,IMG_0506,IMG_0506_46,1972
305 ps Water,IMG_0506,IMG_0506_47,2378
305 ps Water,IMG_0506,IMG_0506_48,319
305 ps Water,IMG_0506,IMG_0506_49,773
305 ps Water,IMG_0506,IMG_0506_50,2243
305 ps Water,IMG_0506,IMG_0506_51,868
305 ps Water,IMG_0506,IMG_0506_52,2559
305 ps Water,IMG_0506,IMG_0506_53,522
305 ps Water,IMG_0506,IMG_0506_54,1678
305 ps Water,IMG_0506,IMG_0506_55,2063
305 ps Water,IMG_0506,IMG_0506_56,1776
305 ps Water,IMG_0506,IMG_0506_57,3660
305 ps Water,IMG_0506,IMG_0506_58,1582
305 ps Water,IMG_0506,IMG_0506_59,7552
305 ps Water,IMG_0506,IMG_0506_60,2155
305 ps Water,IMG_0506,IMG_0506_61,837
305 ps Water,IMG_0506,IMG_0506_62,975
305 ps Water,IMG_0506,IMG_0506_63,1283
305 ps Water,IMG_0506,IMG_0506_64,636
305 ps Water,IMG_0506,IMG_0506_65,346
305 ps Water,IMG_0506,IMG_0506_66,144
305 ps Water,IMG_0506,IMG_0506_67,1836
305 ps Water,IMG_0506,IMG_0506_68,856
305 ps Water,IMG_0506,IMG_0506_69,1179
305 ps Water,IMG_0506,IMG_0506_70,4093
305 ps Water,IMG_0506,IMG_0506_71,137
305 ps Water,IMG_0506,IMG_0506_72,594
305 ps Water,IMG_0506,IMG_0506_73,524
305 ps Water,IMG_0506,IMG_0506_74,1111
305 ps Water,IMG_0506,IMG_0506_75,382
305 ps Water,IMG_0506,IMG_0506_76,178
305 ps Water,IMG_0506,IMG_0506_77,459
305 ps Water,IMG_0506,IMG_0506_78,73
305 ps Water,IMG_0506,IMG_0506_79,1044
305 ps Water,IMG_0506,IMG_0506_80,1618
305 ps Water,IMG_0506,IMG_0506_81,2997
305 ps Water,IMG_0506,IMG_0506_82,1041
204 ps Soil+Leaf,IMG_0602,IMG_0602_1,2360
204 ps Soil+Leaf,IMG_0602,IMG_0602_2,802
204 ps Soil+Leaf,IMG_0602,IMG_0602_3,247
204 ps Soil+Leaf,IMG_0602,IMG_0602_4,2873
204 ps Soil+Leaf,IMG_0602,IMG_0602_5,455
204 ps Soil+Leaf,IMG_0602,IMG_0602_6,2829
204 ps Soil+Leaf,IMG_0602,IMG_0602_7,2576
204 ps Soil+Leaf,IMG_0602,IMG_0602_8,353
204 ps Soil+Leaf,IMG_0602,IMG_0602_9,1443
204 ps Soil+Leaf,IMG_0602,IMG_0602_10,1335
204 ps Soil+Leaf,IMG_0602,IMG_0602_11,763
204 ps Soil+Leaf,IMG_0602,IMG_0602_12,1767
204 ps Soil+Leaf,IMG_0602,IMG_0602_13,83
204 ps Soil+Leaf,IMG_0602,IMG_0602_14,1690
204 ps Soil+Leaf,IMG_0602,IMG_0602_15,107
204 ps Soil+Leaf,IMG_0602,IMG_0602_16,78
204 ps Soil+Leaf,IMG_0602,IMG_0602_17,424
204 ps Soil+Leaf,IMG_0602,IMG_0602_18,7932
204 ps Soil+Leaf,IMG_0602,IMG_0602_19,1567
204 ps Soil+Leaf,IMG_0602,IMG_0602_20,5340
204 ps Soil+Leaf,IMG_0602,IMG_0602_21,2862
204 ps Soil+Leaf,IMG_0602,IMG_0602_22,5095
204 ps Soil+Leaf,IMG_0602,IMG_0602_23,2112
204 ps Soil+Leaf,IMG_0602,IMG_0602_24,698
204 ps Soil+Leaf,IMG_0602,IMG_0602_25,1010
204 ps Soil+Leaf,IMG_0602,IMG_0602_26,143
204 ps Soil+Leaf,IMG_0602,IMG_0602_27,3218
204 ps Soil+Leaf,IMG_0602,IMG_0602_28,1229
204 ps Soil+Leaf,IMG_0602,IMG_0602_29,2964
204 ps Soil+Leaf,IMG_0602,IMG_0602_30,417
204 ps Soil+Leaf,IMG_0602,IMG_0602_31,1012
204 ps Soil+Leaf,IMG_0602,IMG_0602_32,1238
204 ps Soil+Leaf,IMG_0602,IMG_0602_33,1264
204 ps Soil+Leaf,IMG_0602,IMG_0602_34,423
204 ps Soil+Leaf,IMG_0602,IMG_0602_35,1078
204 ps Soil+Leaf,IMG_0602,IMG_0602_36,486
204 ps Soil+Leaf,IMG_0602,IMG_0602_37,111
204 ps Soil+Leaf,IMG_0602,IMG_0602_38,1627
204 ps Soil+Leaf,IMG_0602,IMG_0602_39,1096
204 ps Soil+Leaf,IMG_0602,IMG_0602_40,2029
204 ps Soil+Leaf,IMG_0602,IMG_0602_41,1434
204 ps Soil+Leaf,IMG_0602,IMG_0602_42,825
204 ps Soil+Leaf,IMG_0602,IMG_0602_43,902
204 ps Soil+Leaf,IMG_0602,IMG_0602_44,734
204 ps Soil+Leaf,IMG_0602,IMG_0602_45,2390
204 ps Soil+Leaf,IMG_0602,IMG_0602_46,691
204 ps Soil+Leaf,IMG_0602,IMG_0602_47,2375
204 ps Soil+Leaf,IMG_0602,IMG_0602_48,1108
204 ps Soil+Leaf,IMG_0602,IMG_0602_49,76
204 ps Soil+Leaf,IMG_0602,IMG_0602_50,276
204 ps Soil+Leaf,IMG_0602,IMG_0602_51,599
204 ps Soil+Leaf,IMG_0602,IMG_0602_52,1456
204 ps Soil+Leaf,IMG_0602,IMG_0602_53,2094
204 ps Soil+Leaf,IMG_0602,IMG_0602_54,4601
204 ps Soil+Leaf,IMG_0602,IMG_0602_55,286
204 ps Soil+Leaf,IMG_0602,IMG_0602_56,384
204 ps Soil+Leaf,IMG_0602,IMG_0602_57,3230
204 ps Soil+Leaf,IMG_0602,IMG_0602_58,625
204 ps Soil+Leaf,IMG_0602,IMG_0602_59,1661
204 ps Soil+Leaf,IMG_0602,IMG_0602_60,348
204 ps Soil+Leaf,IMG_0602,IMG_0602_61,2417
204 ps Soil+Leaf,IMG_0602,IMG_0602_62,458
204 ps Soil+Leaf,IMG_0602,IMG_0602_63,458
204 ps Soil+Leaf,IMG_0602,IMG_0602_64,1637
204 ps Soil+Leaf,IMG_0602,IMG_0602_65,668
204 ps Soil+Leaf,IMG_0602,IMG_0602_66,2030
204 ps Soil+Leaf,IMG_0602,IMG_0602_67,532
206 ps Soil,IMG_0570,IMG_0570_1,1270
206 ps Soil,IMG_0570,IMG_0570_2,1764
206 ps Soil,IMG_0570,IMG_0570_3,2609
206 ps Soil,IMG_0570,IMG_0570_4,1728
206 ps Soil,IMG_0570,IMG_0570_5,210
206 ps Soil,IMG_0570,IMG_0570_6,1571
206 ps Soil,IMG_0570,IMG_0570_7,79
206 ps Soil,IMG_0570,IMG_0570_8,1298
206 ps Soil,IMG_0570,IMG_0570_9,78
206 ps Soil,IMG_0570,IMG_0570_10,1734
206 ps Soil,IMG_0570,IMG_0570_11,534
206 ps Soil,IMG_0570,IMG_0570_12,249
206 ps Soil,IMG_0570,IMG_0570_13,1225
206 ps Soil,IMG_0570,IMG_0570_14,960
206 ps Soil,IMG_0570,IMG_0570_15,288
206 ps Soil,IMG_0570,IMG_0570_16,2164
206 ps Soil,IMG_0570,IMG_0570_17,632
206 ps Soil,IMG_0570,IMG_0570_18,531
206 ps Soil,IMG_0570,IMG_0570_19,282
206 ps Soil,IMG_0570,IMG_0570_20,2042
206 ps Soil,IMG_0570,IMG_0570_21,359
206 ps Soil,IMG_0570,IMG_0570_22,150
206 ps Soil,IMG_0570,IMG_0570_23,179
206 ps Soil,IMG_0570,IMG_0570_24,381
206 ps Soil,IMG_0570,IMG_0570_25,315
206 ps Soil,IMG_0570,IMG_0570_26,363
206 ps Soil,IMG_0570,IMG_0570_27,950
206 ps Soil,IMG_0570,IMG_0570_28,1834
206 ps Soil,IMG_0570,IMG_0570_29,75
206 ps Soil,IMG_0570,IMG_0570_30,3742
206 ps Soil,IMG_0570,IMG_0570_31,78
105 ps Soil+Leaf,IMG_0442,IMG_0442_1,1413
105 ps Soil+Leaf,IMG_0442,IMG_0442_2,575
105 ps Soil+Leaf,IMG_0442,IMG_0442_3,947
105 ps Soil+Leaf,IMG_0442,IMG_0442_4,571
105 ps Soil+Leaf,IMG_0442,IMG_0442_5,77
105 ps Soil+Leaf,IMG_0442,IMG_0442_6,876
105 ps Soil+Leaf,IMG_0442,IMG_0442_7,1681
105 ps Soil+Leaf,IMG_0442,IMG_0442_8,418
105 ps Soil+Leaf,IMG_0442,IMG_0442_9,634
105 ps Soil+Leaf,IMG_0442,IMG_0442_10,911
105 ps Soil+Leaf,IMG_0442,IMG_0442_11,7564
105 ps Soil+Leaf,IMG_0442,IMG_0442_12,244
105 ps Soil+Leaf,IMG_0442,IMG_0442_13,736
105 ps Soil+Leaf,IMG_0442,IMG_0442_14,289
105 ps Soil+Leaf,IMG_0442,IMG_0442_15,118
105 ps Soil+Leaf,IMG_0442,IMG_0442_16,798
105 ps Soil+Leaf,IMG_0442,IMG_0442_17,1211
105 ps Soil+Leaf,IMG_0442,IMG_0442_18,1704
105 ps Soil+Leaf,IMG_0442,IMG_0442_19,1122
105 ps Soil+Leaf,IMG_0442,IMG_0442_20,1115
105 ps Soil+Leaf,IMG_0442,IMG_0442_21,461
105 ps Soil+Leaf,IMG_0442,IMG_0442_22,1756
105 ps Soil+Leaf,IMG_0442,IMG_0442_23,4767
105 ps Soil+Leaf,IMG_0442,IMG_0442_24,3289
105 ps Soil+Leaf,IMG_0442,IMG_0442_25,766
105 ps Soil+Leaf,IMG_0442,IMG_0442_26,874
105 ps Soil+Leaf,IMG_0442,IMG_0442_27,998
105 ps Soil+Leaf,IMG_0442,IMG_0442_28,2932
105 ps Soil+Leaf,IMG_0442,IMG_0442_29,3571
105 ps Soil+Leaf,IMG_0442,IMG_0442_30,1348
105 ps Soil+Leaf,IMG_0442,IMG_0442_31,2178
105 ps Soil+Leaf,IMG_0442,IMG_0442_32,823
105 ps Soil+Leaf,IMG_0442,IMG_0442_33,1084
105 ps Soil+Leaf,IMG_0442,IMG_0442_34,1044
105 ps Soil+Leaf,IMG_0442,IMG_0442_35,393
105 ps Soil+Leaf,IMG_0442,IMG_0442_36,2669
105 ps Soil+Leaf,IMG_0442,IMG_0442_37,212
105 ps Soil+Leaf,IMG_0442,IMG_0442_38,214
105 ps Soil+Leaf,IMG_0442,IMG_0442_39,107
105 ps Soil+Leaf,IMG_0442,IMG_0442_40,495
105 ps Soil+Leaf,IMG_0442,IMG_0442_41,6747
105 ps Soil+Leaf,IMG_0442,IMG_0442_42,4284
105 ps Soil+Leaf,IMG_0442,IMG_0442_43,4116
105 ps Soil+Leaf,IMG_0442,IMG_0442_44,833
105 ps Soil+Leaf,IMG_0442,IMG_0442_45,1048
105 ps Soil+Leaf,IMG_0442,IMG_0442_46,1390
105 ps Soil+Leaf,IMG_0442,IMG_0442_47,4022
105 ps Soil+Leaf,IMG_0442,IMG_0442_48,1069
105 ps Soil+Leaf,IMG_0442,IMG_0442_49,1617
105 ps Soil+Leaf,IMG_0442,IMG_0442_50,666
105 ps Soil+Leaf,IMG_0442,IMG_0442_51,628
105 ps Soil+Leaf,IMG_0442,IMG_0442_52,1669
105 ps Soil+Leaf,IMG_0442,IMG_0442_53,557
105 ps Soil+Leaf,IMG_0442,IMG_0442_54,552
105 ps Soil+Leaf,IMG_0442,IMG_0442_55,999
105 ps Soil+Leaf,IMG_0442,IMG_0442_56,1327
105 ps Soil+Leaf,IMG_0442,IMG_0442_57,6660
105 ps Soil+Leaf,IMG_0442,IMG_0442_58,939
105 ps Soil+Leaf,IMG_0442,IMG_0442_59,1439
105 ps Soil+Leaf,IMG_0442,IMG_0442_60,815
105 ps Soil+Leaf,IMG_0442,IMG_0442_61,1451
105 ps Soil+Leaf,IMG_0442,IMG_0442_62,660
105 ps Soil+Leaf,IMG_0442,IMG_0442_63,450
105 ps Soil+Leaf,IMG_0442,IMG_0442_64,3050
105 ps Soil+Leaf,IMG_0442,IMG_0442_65,1977
105 ps Soil+Leaf,IMG_0442,IMG_0442_66,4821
105 ps Soil+Leaf,IMG_0442,IMG_0442_67,941
105 ps Soil+Leaf,IMG_0442,IMG_0442_68,1111
105 ps Soil+Leaf,IMG_0442,IMG_0442_69,3294
105 ps Soil+Leaf,IMG_0442,IMG_0442_70,358
105 ps Soil+Leaf,IMG_0442,IMG_0442_71,255
105 ps Soil+Leaf,IMG_0442,IMG_0442_72,3588
105 ps Soil+Leaf,IMG_0442,IMG_0442_73,382
105 ps Soil+Leaf,IMG_0442,IMG_0442_74,5353
105 ps Soil+Leaf,IMG_0442,IMG_0442_75,355
105 ps Soil+Leaf,IMG_0442,IMG_0442_76,592
304 ts Water,IMG_0339,IMG_0339_1,1671
304 ts Water,IMG_0339,IMG_0339_2,556
304 ts Water,IMG_0339,IMG_0339_3,662
304 ts Water,IMG_0339,IMG_0339_4,527
304 ts Water,IMG_0339,IMG_0339_5,122
304 ts Water,IMG_0339,IMG_0339_6,3686
304 ts Water,IMG_0339,IMG_0339_7,254
304 ts Water,IMG_0339,IMG_0339_8,1369
304 ts Water,IMG_0339,IMG_0339_9,1041
304 ts Water,IMG_0339,IMG_0339_10,77
304 ts Water,IMG_0339,IMG_0339_11,1966
304 ts Water,IMG_0339,IMG_0339_12,914
304 ts Water,IMG_0339,IMG_0339_13,421
304 ts Water,IMG_0339,IMG_0339_14,1969
304 ts Water,IMG_0339,IMG_0339_15,390
304 ts Water,IMG_0339,IMG_0339_16,768
304 ts Water,IMG_0339,IMG_0339_17,1856
304 ts Water,IMG_0339,IMG_0339_18,665
304 ts Water,IMG_0339,IMG_0339_19,907
304 ts Water,IMG_0339,IMG_0339_20,715
304 ts Water,IMG_0339,IMG_0339_21,1229
304 ts Water,IMG_0339,IMG_0339_22,942
304 ts Water,IMG_0339,IMG_0339_23,810
304 ts Water,IMG_0339,IMG_0339_24,1046
304 ts Water,IMG_0339,IMG_0339_25,142
304 ts Water,IMG_0339,IMG_0339_26,506
304 ts Water,IMG_0339,IMG_0339_27,1645
304 ts Water,IMG_0339,IMG_0339_28,487
304 ts Water,IMG_0339,IMG_0339_29,3656
304 ts Water,IMG_0339,IMG_0339_30,834
304 ts Water,IMG_0339,IMG_0339_31,884
304 ts Water,IMG_0339,IMG_0339_32,668
304 ts Water,IMG_0339,IMG_0339_33,2860
304 ts Water,IMG_0339,IMG_0339_34,1484
304 ts Water,IMG_0339,IMG_0339_35,1608
304 ts Water,IMG_0339,IMG_0339_36,1740
304 ts Water,IMG_0339,IMG_0339_37,4124
304 ts Water,IMG_0339,IMG_0339_38,2438
304 ts Water,IMG_0339,IMG_0339_39,2026
304 ts Water,IMG_0339,IMG_0339_40,416
304 ts Water,IMG_0339,IMG_0339_41,1942
304 ts Water,IMG_0339,IMG_0339_42,179
304 ts Water,IMG_0339,IMG_0339_43,2847
304 ts Water,IMG_0339,IMG_0339_44,2081
304 ts Water,IMG_0339,IMG_0339_45,632
304 ts Water,IMG_0339,IMG_0339_46,1044
304 ts Water,IMG_0339,IMG_0339_47,1017
304 ts Water,IMG_0339,IMG_0339_48,2002
304 ts Water,IMG_0339,IMG_0339_49,663
304 ts Water,IMG_0339,IMG_0339_50,467
304 ts Water,IMG_0339,IMG_0339_51,2211
304 ts Water,IMG_0339,IMG_0339_52,4146
304 ts Water,IMG_0339,IMG_0339_53,353
304 ts Water,IMG_0339,IMG_0339_54,5996
304 ts Water,IMG_0339,IMG_0339_55,423
304 ts Water,IMG_0339,IMG_0339_56,1499
304 ts Water,IMG_0339,IMG_0339_57,140
304 ts Water,IMG_0339,IMG_0339_58,390
304 ts Water,IMG_0339,IMG_0339_59,879
304 ts Water,IMG_0339,IMG_0339_60,1315
301 ts Soil+Leaf,IMG_0274,IMG_0274_1,139
301 ts Soil+Leaf,IMG_0274,IMG_0274_2,565
301 ts Soil+Leaf,IMG_0274,IMG_0274_3,2983
301 ts Soil+Leaf,IMG_0274,IMG_0274_4,736
301 ts Soil+Leaf,IMG_0274,IMG_0274_5,2611
301 ts Soil+Leaf,IMG_0274,IMG_0274_6,421
301 ts Soil+Leaf,IMG_0274,IMG_0274_7,1122
301 ts Soil+Leaf,IMG_0274,IMG_0274_8,422
301 ts Soil+Leaf,IMG_0274,IMG_0274_9,184
301 ts Soil+Leaf,IMG_0274,IMG_0274_10,427
301 ts Soil+Leaf,IMG_0274,IMG_0274_11,1120
301 ts Soil+Leaf,IMG_0274,IMG_0274_12,1177
301 ts Soil+Leaf,IMG_0274,IMG_0274_13,2584
301 ts Soil+Leaf,IMG_0274,IMG_0274_14,344
301 ts Soil+Leaf,IMG_0274,IMG_0274_15,1183
301 ts Soil+Leaf,IMG_0274,IMG_0274_16,489
301 ts Soil+Leaf,IMG_0274,IMG_0274_17,311
301 ts Soil+Leaf,IMG_0274,IMG_0274_18,1073
301 ts Soil+Leaf,IMG_0274,IMG_0274_19,4305
301 ts Soil+Leaf,IMG_0274,IMG_0274_20,5226
301 ts Soil+Leaf,IMG_0274,IMG_0274_21,6854
301 ts Soil+Leaf,IMG_0274,IMG_0274_22,968
301 ts Soil+Leaf,IMG_0274,IMG_0274_23,706
301 ts Soil+Leaf,IMG_0274,IMG_0274_24,2186
301 ts Soil+Leaf,IMG_0274,IMG_0274_25,1314
301 ts Soil+Leaf,IMG_0274,IMG_0274_26,427
301 ts Soil+Leaf,IMG_0274,IMG_0274_27,1300
301 ts Soil+Leaf,IMG_0274,IMG_0274_28,530
301 ts Soil+Leaf,IMG_0274,IMG_0274_29,973
202 ts Soil+Water,IMG_0708,IMG_0708_1,1789
202 ts Soil+Water,IMG_0708,IMG_0708_2,181
202 ts Soil+Water,IMG_0708,IMG_0708_3,846
202 ts Soil+Water,IMG_0708,IMG_0708_4,7244
202 ts Soil+Water,IMG_0708,IMG_0708_5,74
202 ts Soil+Water,IMG_0708,IMG_0708_6,861
202 ts Soil+Water,IMG_0708,IMG_0708_7,810
202 ts Soil+Water,IMG_0708,IMG_0708_8,282
202 ts Soil+Water,IMG_0708,IMG_0708_9,321
202 ts Soil+Water,IMG_0708,IMG_0708_10,145
202 ts Soil+Water,IMG_0708,IMG_0708_11,1212
202 ts Soil+Water,IMG_0708,IMG_0708_12,1909
202 ts Soil+Water,IMG_0708,IMG_0708_13,3021
202 ts Soil+Water,IMG_0708,IMG_0708_14,1836
202 ts Soil+Water,IMG_0708,IMG_0708_15,3590
202 ts Soil+Water,IMG_0708,IMG_0708_16,210
202 ts Soil+Water,IMG_0708,IMG_0708_17,113
202 ts Soil+Water,IMG_0708,IMG_0708_18,795
202 ts Soil+Water,IMG_0708,IMG_0708_19,2094
202 ts Soil+Water,IMG_0708,IMG_0708_20,843
202 ts Soil+Water,IMG_0708,IMG_0708_21,1556
202 ts Soil+Water,IMG_0708,IMG_0708_22,1889
202 ts Soil+Water,IMG_0708,IMG_0708_23,146
202 ts Soil+Water,IMG_0708,IMG_0708_24,527
202 ts Soil+Water,IMG_0708,IMG_0708_25,3505
202 ts Soil+Water,IMG_0708,IMG_0708_26,245
202 ts Soil+Water,IMG_0708,IMG_0708_27,2495
202 ts Soil+Water,IMG_0708,IMG_0708_28,497
202 ts Soil+Water,IMG_0708,IMG_0708_29,1892
202 ts Soil+Water,IMG_0708,IMG_0708_30,110
202 ts Soil+Water,IMG_0708,IMG_0708_31,354
202 ts Soil+Water,IMG_0708,IMG_0708_32,699
202 ts Soil+Water,IMG_0708,IMG_0708_33,560
202 ts Soil+Water,IMG_0708,IMG_0708_34,141
202 ts Soil+Water,IMG_0708,IMG_0708_35,1343
202 ts Soil+Water,IMG_0708,IMG_0708_36,2459
202 ts Soil+Water,IMG_0708,IMG_0708_37,1370
202 ts Soil+Water,IMG_0708,IMG_0708_38,1926
202 ts Soil+Water,IMG_0708,IMG_0708_39,5635
202 ts Soil+Water,IMG_0708,IMG_0708_40,214
202 ts Soil+Water,IMG_0708,IMG_0708_41,284
202 ts Soil+Water,IMG_0708,IMG_0708_42,897
202 ts Soil+Water,IMG_0708,IMG_0708_43,948
202 ts Soil+Water,IMG_0708,IMG_0708_44,2903
202 ts Soil+Water,IMG_0708,IMG_0708_45,560
202 ts Soil+Water,IMG_0708,IMG_0708_46,4688
202 ts Soil+Water,IMG_0708,IMG_0708_47,946
202 ts Soil+Water,IMG_0708,IMG_0708_48,1429
202 ts Soil+Water,IMG_0708,IMG_0708_49,2790
202 ts Soil+Water,IMG_0708,IMG_0708_50,761
202 ts Soil+Water,IMG_0708,IMG_0708_51,318
202 ts Soil+Water,IMG_0708,IMG_0708_52,151
202 ts Soil+Water,IMG_0708,IMG_0708_53,3288
202 ts Soil+Water,IMG_0708,IMG_0708_54,2396
202 ts Soil+Water,IMG_0708,IMG_0708_55,204
202 ts Soil+Water,IMG_0708,IMG_0708_56,76
202 ts Soil+Water,IMG_0708,IMG_0708_57,488
202 ts Soil+Water,IMG_0708,IMG_0708_58,362
202 ts Soil+Water,IMG_0708,IMG_0708_59,215
202 ts Soil+Water,IMG_0708,IMG_0708_60,74
202 ts Soil+Water,IMG_0708,IMG_0708_61,4801
202 ts Soil+Water,IMG_0708,IMG_0708_62,489
202 ts Soil+Water,IMG_0708,IMG_0708_63,74
202 ts Soil+Water,IMG_0708,IMG_0708_64,3191
202 ts Soil+Water,IMG_0708,IMG_0708_65,602
202 ts Soil+Water,IMG_0708,IMG_0708_66,1292
202 ts Soil+Water,IMG_0708,IMG_0708_67,1596
202 ts Soil+Water,IMG_0708,IMG_0708_68,1149
202 ts Soil+Water,IMG_0708,IMG_0708_69,381
202 ts Soil+Water,IMG_0708,IMG_0708_70,11011
202 ts Soil+Water,IMG_0708,IMG_0708_71,7886
202 ts Soil+Water,IMG_0708,IMG_0708_72,216
202 ts Soil+Water,IMG_0708,IMG_0708_73,216
202 ts Soil+Water,IMG_0708,IMG_0708_74,2395
202 ts Soil+Water,IMG_0708,IMG_0708_75,9877
202 ts Soil+Water,IMG_0708,IMG_0708_76,804
202 ts Soil+Water,IMG_0708,IMG_0708_77,466
202 ts Soil+Water,IMG_0708,IMG_0708_78,2182
306 ps Soil,IMG_0537,IMG_0537_1,1128
306 ps Soil,IMG_0537,IMG_0537_2,2848
306 ps Soil,IMG_0537,IMG_0537_3,326
306 ps Soil,IMG_0537,IMG_0537_4,2083
306 ps Soil,IMG_0537,IMG_0537_5,596
306 ps Soil,IMG_0537,IMG_0537_6,499
306 ps Soil,IMG_0537,IMG_0537_7,156
306 ps Soil,IMG_0537,IMG_0537_8,636
306 ps Soil,IMG_0537,IMG_0537_9,502
306 ps Soil,IMG_0537,IMG_0537_10,80
306 ps Soil,IMG_0537,IMG_0537_11,467
306 ps Soil,IMG_0537,IMG_0537_12,2011
306 ps Soil,IMG_0537,IMG_0537_13,145
306 ps Soil,IMG_0537,IMG_0537_14,76
306 ps Soil,IMG_0537,IMG_0537_15,2079
306 ps Soil,IMG_0537,IMG_0537_16,507
306 ps Soil,IMG_0537,IMG_0537_17,215
306 ps Soil,IMG_0537,IMG_0537_18,1092
306 ps Soil,IMG_0537,IMG_0537_19,384
306 ps Soil,IMG_0537,IMG_0537_20,981
306 ps Soil,IMG_0537,IMG_0537_21,1228
306 ps Soil,IMG_0537,IMG_0537_22,495
306 ps Soil,IMG_0537,IMG_0537_23,782
306 ps Soil,IMG_0537,IMG_0537_24,1368
306 ps Soil,IMG_0537,IMG_0537_25,711
306 ps Soil,IMG_0537,IMG_0537_26,426
306 ps Soil,IMG_0537,IMG_0537_27,327
306 ps Soil,IMG_0537,IMG_0537_28,778
306 ps Soil,IMG_0537,IMG_0537_29,435
306 ps Soil,IMG_0537,IMG_0537_30,2047
306 ps Soil,IMG_0537,IMG_0537_31,425
306 ps Soil,IMG_0537,IMG_0537_32,506
306 ps Soil,IMG_0537,IMG_0537_33,778
306 ps Soil,IMG_0537,IMG_0537_34,907
306 ps Soil,IMG_0537,IMG_0537_35,533
306 ps Soil,IMG_0537,IMG_0537_36,1094
306 ps Soil,IMG_0537,IMG_0537_37,80
306 ps Soil,IMG_0537,IMG_0537_38,779
306 ps Soil,IMG_0537,IMG_0537_39,970
306 ps Soil,IMG_0537,IMG_0537_40,322
306 ps Soil,IMG_0537,IMG_0537_41,1055
306 ps Soil,IMG_0537,IMG_0537_42,499
306 ps Soil,IMG_0537,IMG_0537_43,322
306 ps Soil,IMG_0537,IMG_0537_44,140
306 ps Soil,IMG_0537,IMG_0537_45,463
306 ps Soil,IMG_0537,IMG_0537_46,463
306 ps Soil,IMG_0537,IMG_0537_47,316
306 ps Soil,IMG_0537,IMG_0537_48,915
306 ps Soil,IMG_0537,IMG_0537_49,252
306 ps Soil,IMG_0537,IMG_0537_50,1201
306 ps Soil,IMG_0537,IMG_0537_51,182
306 ps Soil,IMG_0537,IMG_0537_52,603
